<?xml version="1.0"?>
<install version="1.5" type="plugin" group="system" method="upgrade">
    <name>system - EUCookieDirectiveLite</name> 
    <author>Channel Digital Ltd. and DENIA</author> 
    <creationDate>2013-07-19</creationDate> 
    <copyright>All rights reserved by channeldigital.co.uk and DENIA 2013</copyright> 
    <license>GPL 1.0</license> 
    <authorEmail>programiranje@denia.si</authorEmail> 
    <authorUrl>www.denia.si</authorUrl> 
    <version>2.0.0</version> 
    <description>Opozorilo o uporabi piškotkov na spletni strani po direktivi EU.&lt;br/&gt;&lt;br/&gt;NASTAVITEV VTIČNIKA system - EU Cookie Direktiva:&lt;br/&gt;-  vtičnik je potrebno omogočiti&lt;br/&gt;- zamenjati opozorilo z dodatnim besedilom o uporabljenih piškotkih (primer: Za pravilno delovanje strani uporabljamo piškotke.) &lt;br/&gt;&lt;br/&gt;</description>
    <files>
        <folder plugin="EUCookieDirectiveLite">EUCookieDirectiveLite</folder>
        <filename plugin="EUCookieDirectiveLite">EUCookieDirectiveLite.php</filename>
        <filename>accept.php</filename>
        <filename>EUCookieDirectiveLite/images/info_icon.png</filename>
        <filename>EUCookieDirectiveLite/images/continue_button.png</filename>
        <filename>EUCookieDirectiveLite/EUCookieDirective.js</filename>
    </files>
    <params>
        <param name="width" type="text" default="0" label="Width px (0 = full width)" description="The width of the message on the screen. 0 for 100%"/>
        <param name="warningMessage" type="textarea" rows="3" cols="15" default="Spletna stran uporablja pi&#x161;kotke. S pomo&#x10D;jo le-teh vas spletna stran prepozna." label="Warning Message" description="Besedilo prikazano uporabnikom"/>
        <param name="detailsUrl" type="text" default="https://www.ip-rs.si/fileadmin/user_upload/Pdf/smernice/Smernice_o_uporabi_piskotkov.pdf" label="Details URL" target="_blank" description="Preberi ve&#x10D;"/>
    </params>
</install>
