<?xml version="1.0"?>
<install version="2.5" type="plugin" group="system" method="upgrade">
    <name>system - EUCookieDirectiveLite</name> 
    <author>Channel Digital Ltd. and DENIA</author>
    <creationDate>2013-10-11</creationDate>
    <copyright>All rights reserved by channeldigital.co.uk and DENIA 2013</copyright>
    <license>GPL 1.0</license>
    <authorEmail>programiranje@denia.si</authorEmail>
    <authorUrl>www.denia.si</authorUrl>            
    <version>2.0.0</version>
    <description>Opozorilo o uporabi piškotkov na spletni strani po direktivi EU.&lt;br/&gt;&lt;br/&gt;NASTAVITEV VTIČNIKA system - EU Cookie Direktiva:&lt;br/&gt;-  vtičnik je potrebno omogočiti&lt;br/&gt;- zamenjati opozorilo z dodatnim besedilom o uporabljenih piškotkih (primer: Za pravilno delovanje strani uporabljamo piškotke.) &lt;br/&gt;&lt;br/&gt;</description>
    <files>
        <filename plugin="EUCookieDirectiveLite">EUCookieDirectiveLite.php</filename>
        <filename>accept.php</filename>
        <filename>EUCookieDirectiveLite/images/info_icon.png</filename>
        <filename>EUCookieDirectiveLite/images/continue_button.png</filename>
        <filename>EUCookieDirectiveLite/EUCookieDirective.js</filename>
    </files> 
        <config>
        <fields name="params">
            <fieldset name="basic">
				<field name="width" type="text" default="0" label="Width px (0 = full width)" description="The width of the message on the screen. 0 for 100%"/>
				<field name="warningMessage" type="textarea" rows="3" cols="15" default="Spletna stran uporablja pi&#x161;kotke. S pomo&#x10D;jo le-teh vas spletna stran prepozna." label="Warning Message" description="The message to display to users"/>
				<field name="detailsUrl" type="text" default="https://www.ip-rs.si/fileadmin/user_upload/Pdf/smernice/Smernice_o_uporabi_piskotkov.pdf" label="Details URL" description="Preberi ve&#x10D;"/>
            </fieldset>
        </fields>
    </config>
</install>
