<?xml version="1.0" encoding="utf-8"?>
<install version="2.5" type="plugin" group="system" method="upgrade">
    <name>system - EUCookieDirectiveLite</name> 
    <author>Channel Digital Ltd.</author> 
    <creationDate>2013-3-18</creationDate> 
    <copyright>All rights reserved by channeldigital.co.uk 2013.</copyright> 
    <license>GPL 1.0</license> 
    <authorEmail>info@channeldigital.co.uk</authorEmail> 
    <authorUrl>www.channeldigital.co.uk</authorUrl> 
    <version>1.0.9</version> 
    <description><![CDATA[Opozorilo o uporabi piškotkov na spletni strani po direktivi EU.<br/><br/>NASTAVITEV VTIČNIKA system - EU Cookie Direktiva:<br/>-  vtičnik je potrebno omogočiti<br/>- zamenjati opozorilo z dodatnim besedilom o uporabljenih piškotkih (primer: Za pravilno delovanje strani uporabljamo piškotke.) <br/><br/>]]></description>
    <files>
        <filename plugin="EUCookieDirectiveLite">EUCookieDirectiveLite.php</filename>
        <filename>accept.php</filename>
        <filename>EUCookieDirectiveLite/images/info_icon.png</filename>
        <filename>EUCookieDirectiveLite/images/continue_button.png</filename>
        <filename>EUCookieDirectiveLite/EUCookieDirective.js</filename>
    </files> 
        <config>
        <fields name="params">
            <fieldset name="basic">
				<field name="width" type="text" default="0" label="Width px (0 = full width)" description="The width of the message on the screen. 0 for 100%" />
				<field name="warningMessage" type="textarea" rows="3" cols="15" default="Spletna stran uporablja piškotke. S pomočjo le-teh vas spletna stran prepozna." label="Warning Message" description="The message to display to users" />
				<field name="detailsUrl" type="text" default="https://www.ip-rs.si/fileadmin/user_upload/Pdf/smernice/Smernice_o_uporabi_piskotkov.pdf" label="Details URL" description="Preberi več" />
            </fieldset>
        </fields>
    </config>
</install>
